{"rmse": 51.76, "mae": 37.16, "r2": 0.574, "mean_pm25": 97.77014462809917, "std_pm25": 79.44298362447624}
