{"rmse": 52.12, "mae": 37.26, "r2": 0.568, "mean_pm25": 97.77014462809917, "std_pm25": 79.44298362447624}